,Freeze,LR,KFold,bbox/AP,bbox/AP50,bbox/AP75,bbox/APl,bbox/APm,bbox/APs,segm/AP,segm/AP50,segm/AP75,segm/APl,segm/APm,segm/APs,mask_rcnn/accuracy,mask_rcnn/false_negative,mask_rcnn/false_positive
0,1,0.01,0,26.625238929059904,37.91887604854068,29.2145777681971,31.891317507010168,5.7763827112889246,90.0,26.842101240433706,38.7221837096692,30.003534527180626,32.58217091410593,4.949935522073691,90.0,0.9093190980095742,0.08418283275595517,0.11160623333905068
