,Freeze,LR,KFold,bbox/AP,bbox/AP50,bbox/AP75,bbox/APl,bbox/APm,bbox/APs,segm/AP,segm/AP50,segm/AP75,segm/APl,segm/APm,segm/APs,mask_rcnn/accuracy,mask_rcnn/false_negative,mask_rcnn/false_positive
0,1,0.01,,25.00972050040097,37.21011349128257,27.88561760360492,29.43684599059508,6.553512484937869,72.66666666666666,25.854892629553596,38.233783507552516,28.195031527897253,31.049617142390797,4.653018764456387,76.0,0.9159263615819505,0.07444335169927256,0.09906685589861378
