,Freeze,LR,KFold,bbox/AP,bbox/AP50,bbox/AP75,bbox/APl,bbox/APm,bbox/APs,segm/AP,segm/AP50,segm/AP75,segm/APl,segm/APm,segm/APs,mask_rcnn/accuracy,mask_rcnn/false_negative,mask_rcnn/false_positive
0,1,0.01,0,37.869080831730265,56.425508873756065,42.20955357565414,44.52022317797199,9.450322295912217,6.147186147186146,38.34268499714969,57.764746013862016,41.9584310257016,46.84869129153424,6.961870216481619,2.8743961352657004,0.9200704028713087,0.07088282409406316,0.08860099894454643
0,1,0.01,1,40.93635423232672,62.50540373160504,45.85433345101694,46.78218313025409,11.46387538162798,53.333333333333336,42.156850659091816,64.24895460431244,45.99409720833082,49.10018181730637,9.640933345318901,31.666666666666668,0.9160136479413818,0.06929601760393962,0.09204513474862086
