,Freeze,LR,KFold,bbox/AP,bbox/AP50,bbox/AP75,bbox/APl,bbox/APm,bbox/APs,segm/AP,segm/AP50,segm/AP75,segm/APl,segm/APm,segm/APs,mask_rcnn/accuracy,mask_rcnn/false_negative,mask_rcnn/false_positive
0,1,0.01,0,37.869080831730265,56.425508873756065,42.20955357565414,44.52022317797199,9.450322295912217,6.147186147186146,38.34268499714969,57.764746013862016,41.9584310257016,46.84869129153424,6.961870216481619,2.8743961352657004,0.9200704028713087,0.07088282409406316,0.08860099894454643
0,1,0.01,1,40.93635423232672,62.50540373160504,45.85433345101694,46.78218313025409,11.46387538162798,53.333333333333336,42.156850659091816,64.24895460431244,45.99409720833082,49.10018181730637,9.640933345318901,31.666666666666668,0.9160136479413818,0.06929601760393962,0.09204513474862086
0,1,0.01,2,36.901199520362646,57.098380846833635,41.71735268496695,42.50966288004092,10.531384414737728,40.0,37.676763381752785,57.92416787660929,41.5271745738533,44.0541186309884,9.267133549331101,35.45454545454546,0.9126664771798042,0.06496864113532536,0.09075178227174945
0,1,0.01,3,42.08397504622957,63.222231666005506,47.8291188911343,47.40123972852616,14.732487514997553,50.0,42.184435615716545,63.9519763708295,46.18138840553481,48.344350946381354,12.34989108972231,36.666666666666664,0.9234270341930818,0.06645983895252892,0.08272623358878599
0,1,0.01,4,41.55617583688159,64.17176248620574,47.03755653301997,47.77665791323148,10.394469121986461,83.33333333333333,42.91383713121444,64.63719561157016,46.96683124903893,49.78848000931859,9.129444369650821,90.0,0.9274385974149846,0.06277488979980533,0.08524139390604467
