,Freeze,LR,KFold,bbox/AP,bbox/AP50,bbox/AP75,bbox/APl,bbox/APm,bbox/APs,segm/AP,segm/AP50,segm/AP75,segm/APl,segm/APm,segm/APs,mask_rcnn/accuracy,mask_rcnn/false_negative,mask_rcnn/false_positive
0,1,0.01,0,37.869080831730265,56.425508873756065,42.20955357565414,44.52022317797199,9.450322295912217,6.147186147186146,38.34268499714969,57.764746013862016,41.9584310257016,46.84869129153424,6.961870216481619,2.8743961352657004,0.9200704028713087,0.07088282409406316,0.08860099894454643
