,Freeze,LR,KFold,bbox/AP,bbox/AP50,bbox/AP75,bbox/APl,bbox/APm,bbox/APs,segm/AP,segm/AP50,segm/AP75,segm/APl,segm/APm,segm/APs,mask_rcnn/accuracy,mask_rcnn/false_negative,mask_rcnn/false_positive
0,1,0.01,,39.86935709350615,60.684657520881196,44.92958302715846,45.797993366004924,11.314507745852387,46.56277056277056,40.65491435698506,61.70540809543668,44.525584492491895,47.62716453910579,9.46985451410095,39.332454984628896,0.9199232319201123,0.06687644231713248,0.08787310869194949
0,1,0.005,,47.88326895093815,69.33769591653949,53.649383649942806,53.900128803269375,15.6639209930398,71.06666666666666,48.311135338022886,71.13933729667478,52.989655958838625,55.15719350671873,12.786645812266768,63.27380952380952,0.9268385961110222,0.0646881016821667,0.07930412572135477
0,1,0.0025,,49.22773656830468,70.60640496084861,55.5056853294231,55.85119635070242,13.350081026735182,82.0,49.32960312604358,72.35976423176602,54.16943036247225,56.76646065417525,10.726728799697668,84.0,0.9342452940712638,0.054460875892821094,0.07274034557092098
0,1,0.001,,50.9378573371699,72.00858803918004,58.184192857292416,57.9357359642715,12.703897978874096,78.66666666666666,50.9611010489621,73.85763836421425,56.269821972264836,58.88805586312321,9.801329432580916,90.0,0.927001405768193,0.06517639541227327,0.08310560992816587
0,2,0.01,,45.386214310184656,66.88947665985926,51.35613100567243,52.40766351205043,10.0037293047154,60.666666666666664,46.57068338539258,68.27783414560469,51.25062522164369,54.56331158225193,8.47766345167178,50.6,0.9305916503985621,0.05609375736326192,0.07642190886610457
0,2,0.005,,47.84986556438646,69.4988344927912,53.934349815758864,54.42323161992815,12.56267431025365,74.00000000000001,48.68246229480375,71.24727563751364,53.74111216591168,56.099003845406756,10.481713898406916,87.33333333333334,0.9321829559619907,0.059470940913870764,0.0766996313164244
0,2,0.0025,,51.16552851312277,72.69160674863159,58.36485409645921,58.04879969151689,13.286631737575737,81.33333333333334,51.753557595615575,74.37635848453759,57.24036779969997,59.43541932559376,10.899712084949211,90.0,0.9291548122106141,0.05685202519181141,0.07667832627074346
