,Freeze,LR,KFold,bbox/AP,bbox/AP50,bbox/AP75,bbox/APl,bbox/APm,bbox/APs,segm/AP,segm/AP50,segm/AP75,segm/APl,segm/APm,segm/APs,mask_rcnn/accuracy,mask_rcnn/false_negative,mask_rcnn/false_positive
0,1,0.01,0,26.625238929059904,37.91887604854068,29.2145777681971,31.891317507010168,5.7763827112889246,90.0,26.842101240433706,38.7221837096692,30.003534527180626,32.58217091410593,4.949935522073691,90.0,0.9093190980095742,0.08418283275595517,0.11160623333905068
0,1,0.01,1,20.936634396297045,33.465328391411944,23.128262922758083,24.42463380785491,5.42207256002257,80.0,22.597840902510878,34.09367706616887,23.46104632660471,27.12066691151313,2.8737828248143487,80.0,0.910426124711839,0.08426726429302595,0.07989610223755343
